1,Id,Name,Address,Type,In Tx,Out Tx,In ETH,Out ETH,In USD,Out USD,Paying,Paid,,,,,,,,,,,,,,,,
2,1,Government,0xf45717552f12ef7cb65e95476f217ea008167ae3,chain-shaped,723,846,2938.8861,2938.8861,"$35,738","$40,066.24",40,27,,,,,,,,,,,,,,,,
3,2,EthereumPyramid,0x7011f3edc7fa43c81440f9f43a6458174113b162,chain-shaped,978,339,986.0811857,916.7811857,"$5,044","$5,290.46",327,125,,,,,,,,,,,,,,,,
4,3,ProtectTheCastle2,0x7d56485e026d5d3881f778e99969d2b1f90c50af,chain-shaped,890,1257,1332.22463,1332.22463,"$186,040","$190,802.38",101,68,,,,,,,,,,,,,,,,
5,5,ZeroPonzi,0x43bbc7fafb860d974037b8f7dd06b6f6fe799b3e,chain-shaped,627,499,4489.783776,4489.177096,"$49,816","$49,770.97",47,28,,,,,,,,,,,,,,,,
6,6,Ethstick,0xba6284ca128d72b25f1353fadd06aa145d9095af,chain-shaped,230,360,788.8097667,788.1477684,"$8,033","$8,018.67",45,17,,,,,,,,,,,,,,,,
7,7,Doubler2,0xfd2487cc0e5dce97f08be1bc8ef1dce8d5988b4d,chain-shaped,395,161,4857.752036,4825.316506,"$26,376","$26,220.34",211,68,,,,,,,,,,,,,,,,
8,8,DynamicPyramid,0xa9e4e3b1da2462752aea980698c335e70e9ab26c,chain-shaped,444,143,7474.185568,7437.20649,"$84,187","$83,541.68",175,51,,,,,,,,,,,,,,,,
9,10,DianaEthereum-x1.8,0xca7c390f8f843a8c3036841fde755e5d0acb97da,chain-shaped,288,168,5307.419102,5303.565175,"$61,166","$61,266.87",129,84,,,,,,,,,,,,,,,,
10,11,Rubixi,0xe82719202e5965cf5d9b6673b7503a3b92de20be,chain-shaped,686,66,1367.046706,1363.042441,"$16,986","$16,775.03",104,28,,,,,,,,,,,,,,,,
11,13,LittleCactus,0x1213c29b5e1a6f33e0d044f850a57b665e3cde21,chain-shaped,125,197,806.7036668,803.2652621,"$8,680","$8,607.27",51,37,,,,,,,,,,,,,,,,
12,14,WealthRedistributionProject,0x3325439082ff8ba7371dfdaa1af297bbfcac21b2,chain-shaped,25,213,41.10283299,40.10283299,$475,$463.00,18,17,,,,,,,,,,,,,,,,
13,15,GreedPit,0x446d1696a5527018453cda3d67aa4c2cd189b9f6,chain-shaped,370,66,918.0338462,895.1777655,"$10,617","$10,379.22",62,13,,,,,,,,,,,,,,,,
14,17,Doubler,0x7fd6d3537b39842cfe16e813851296d4745b51a7,chain-shaped,156,57,3073.256664,3072.728773,"$31,292","$35,926.77",92,17,,,,,,,,,,,,,,,,
15,18,ShinySquirrels1,0x294308484f47ff5a833a284ac6949eb02728fbe4,chain-shaped,275,100,86.8165,86.8165,$761,"$1,773.15",23,10,,,,,,,,,,,,,,,,
16,19,Goodfellas,0x5e84c1a6e8b7cd42041004de5cd911d537c5c007,chain-shaped,163,0,0,0,$0,$0.00,0,0,,,,,,,,,,,,,,,,
17,20,TheGame2,0xb5aff01f3e820735fac9abb594dc9993cb9e5bd2,chain-shaped,72,84,118.920002,110.910001,"$1,182","$1,111.66",23,17,,,,,,,,,,,,,,,,
18,21,SmartRevshare2,0xba69e7c96e9541863f009e713caf26d4ad2241a0,chain-shaped,561,109,32.79,1.8421,$326,$16.23,9,7,,,,,,,,,,,,,,,,
19,22,TheRun,0xcac337492149bdb66b088bf5914bedfbf78ccc18,chain-shaped,73,43,263.91,263.9099948,"$1,992","$1,992.00",11,7,,,,,,,,,,,,,,,,
20,23,Theultimatepyramid2,0x0f26c26318872e8fa85dee5d30cba45ed53b3d3e,chain-shaped,48,24,150.948,150.2064,"$1,568","$1,560.64",15,9,,,,,,,,,,,,,,,,
21,24,NanoPyramid2,0xe19e5f100d6a31169b5dca265c9285059c41d4f6,chain-shaped,59,46,16.32609129,16.19694811,$147,$135.94,21,16,,,,,,,,,,,,,,,,
22,25,TheGame1,0x3e84512f277a5081b9209831c51bce665035d9db,chain-shaped,31,70,109.55,109.55,$932,$925.86,10,10,,,,,,,,,,,,,,,,
23,26,Fairandeasy1,0xa83c4a6d0418074655bdbe74fed8435c46c19f66,chain-shaped,38,19,73.3766,73.3665,$722,$722.37,15,11,,,,,,,,,,,,,,,,
24,27,Theultimatepyramid1,0x4028b9672bfd71ba2fcd97a6c82e06f72eaa14ba,chain-shaped,38,17,86.0631,84.06,$929,$907.01,10,6,,,,,,,,,,,,,,,,
25,28,Thesimplegame,0x7894ccf2997c8c89a80b86faa012d09d53ed48b9,chain-shaped,34,46,177.681039,173.7581039,"$2,046","$1,998.98",11,7,,,,,,,,,,,,,,,,
26,29,Newponzi,0xf835b307bc5348194ae01ed729170c84217ba688,chain-shaped,33,41,79.95,79.37,$831,$824.66,19,7,,,,,,,,,,,,,,,,
27,30,Doubler3,0xdc84953d7c6448e498eb3c33ab0f815da5d13999,chain-shaped,269,19,784.95041,784.95041,"$3,440","$3,448.40",18,9,,,,,,,,,,,,,,,,
28,31,Quick1,0xcff9cb72d19c10df754ae7be6d280e379cdb2354,chain-shaped,26,36,111.383,110.7133,"$1,159","$1,156.48",13,7,,,,,,,,,,,,,,,,
29,32,The10ETHPyramid1,0x80d9c4f6209044de069c545f68644419b520a02f,chain-shaped,23,31,200,199,"$2,185","$2,173.40",7,6,,,,,,,,,,,,,,,,
30,33,NoFeePonzi,0xf7070fc72e2b92c6309785a39338d7c919a3cf4a,chain-shaped,29,23,155.814,150.8254,"$1,724","$1,671.43",11,11,,,,,,,,,,,,,,,,
31,34,FountainOfWealth,0x316201f586706aaa2795bc2a3f0bad2379c363e4,chain-shaped,14,38,88.35,87.4921,"$1,023",$998.64,6,2,,,,,,,,,,,,,,,,
32,35,Send1Get2,0xf243688304fa4f6c6efadc22b9c1dd009aa76650,chain-shaped,360,28,20,19.9,$208,$206.76,8,5,,,,,,,,,,,,,,,,
33,36,SmallPonzi2,0x9d5bdaa9d82782c03402dd5c675ae3e45b3102e2,chain-shaped,20,30,22.8275,22.81116667,$246,$246.13,10,7,,,,,,,,,,,,,,,,
34,37,The10ETHPyramid2,0x4668cd871eba35997e1fbe66d0eddf6612d018ce,chain-shaped,17,32,87.1,87,$967,$965.70,7,7,,,,,,,,,,,,,,,,
35,38,Triple,0x4229a873bbd207deef8f41e807e563c26033d118,chain-shaped,20,26,138,136.2,"$1,408","$1,383.92",10,7,,,,,,,,,,,,,,,,
36,39,UfoPonzi,0xa502f8112b2491718855f01a01a60462cc97a0d5,chain-shaped,247,19,664.56,662.8004,"$7,310","$7,290.80",4,4,,,,,,,,,,,,,,,,
37,40,ResetPonzi1,0x258d778e4771893758dfd3e7dd1678229320eeb5,chain-shaped,16,27,135,135,"$1,457","$1,456.65",4,4,,,,,,,,,,,,,,,,
38,41,ResetPonzi3,0xe861ad00aed0f04b41c675ec1c1493d2ebcbe776,chain-shaped,16,27,135,135,"$1,457","$1,456.65",3,4,,,,,,,,,,,,,,,,
39,42,x15,0xa39fcb48adf288f143459d57a1a0756718c919ae,chain-shaped,51,11,40.56,38.528,$180,$178.57,7,6,,,,,,,,,,,,,,,,
40,43,Fresh,0x422f8015c5d8168edee923749701360a8a4d0703,chain-shaped,17,25,45.566,45.5486,$389,$388.99,8,8,,,,,,,,,,,,,,,,
41,44,Thewhalegame1,0x02b2101903eb6a51518e63e84b785180859fda9d,chain-shaped,18,24,134.539,134.51787,"$1,223","$1,222.45",4,4,,,,,,,,,,,,,,,,
42,45,Timegame1,0xa864694cacdf27900afb3c32b1b07aea3c465dde,chain-shaped,18,21,134.01,133.999,"$1,110","$1,119.05",6,4,,,,,,,,,,,,,,,,
43,46,PlusOnePonzi1,0x16a4ff536001405f2b0d7ddafc79f6a10d024640,chain-shaped,19,16,162.18,160,"$1,685","$1,662.40",4,4,,,,,,,,,,,,,,,,
44,47,ResetPonzi2,0x1368e088682b3ea455c4856297365542ca6828d8,chain-shaped,13,20,99,99,"$1,068","$1,068.21",3,4,,,,,,,,,,,,,,,,
45,48,EthVenturesFinal1,0xee462a6717f17c57c826f1ad9b4d3813495296c9,chain-shaped,45,22,10.71001,10.702971,$102,$93.68,6,5,,,,,,,,,,,,,,,,
46,49,Quadrupler,0xa379bbdd0af814502eb9b38d475c7fa7411bb4ec,chain-shaped,14,18,548,546.5,"$5,434","$5,392.14",5,6,,,,,,,,,,,,,,,,
47,50,SmallPonzi1,0x1afd952269873fe009c7bdff5f07fd91605a7227,chain-shaped,15,18,14.65564,13.59595879,$158,$146.69,8,6,,,,,,,,,,,,,,,,
48,51,NiceGuyPonzi2,0x428da5ff72d8be0efaa85336b6c6a9fc9e0f73fe,chain-shaped,13,17,0.12,0.0975,$1,$1.05,1,2,,,,,,,,,,,,,,,,
49,52,RobinHoodPonzi,0xbe46324018124b2d604c2f3eae91d3de9b388b09,chain-shaped,219,12,4.987611534,4.914484672,$46,$43.08,4,4,,,,,,,,,,,,,,,,
50,53,Quick2,0x750241c16c9fb878a7afd2b07b80f53e02c3f634,chain-shaped,14,15,33.765,33.7565,$329,$328.79,6,2,,,,,,,,,,,,,,,,
51,54,Ethereum-x2.0,0xeacba276ff97853102c3d540b663c08ec7fbe0ed,chain-shaped,34,7,32.26853645,24.11685365,$294,$209.80,11,1,,,,,,,,,,,,,,,,
52,55,FastRealisticPyramid1,0xfe3672eff595cfd36ed05aaf4622d1aec3b5e852,chain-shaped,13,12,11.08,6.578,$128,$76.14,4,3,,,,,,,,,,,,,,,,
53,56,Doubleyour5,0xd12d8f8dfa54f1578b2177f99b2e282367b66b13,chain-shaped,12,6,40.07,40.06,$390,$390.18,7,5,,,,,,,,,,,,,,,,
54,57,Fivetimes,0x37b53b46fa74ac3f9b4340dc5a39aabb0f2afa33,chain-shaped,9,8,11.01,11.001,$119,$118.70,4,3,,,,,,,,,,,,,,,,
55,58,BalancedPonzi1,0x09515cb5e3acaef239ab83d78b2f3e3764fcab9b,chain-shaped,7,9,45,45,$486,$485.55,2,3,,,,,,,,,,,,,,,,
56,59,ResetPonzi8,0xb1d58bad78f33892719cdeba218f8641a71a3f05,chain-shaped,6,8,45,44,$486,$474.76,3,4,,,,,,,,,,,,,,,,
57,60,X3,0xbb9854bfd082c48b4d426ac6a2a152b01326f46f,chain-shaped,11,3,16,14,$168,$147.00,3,3,,,,,,,,,,,,,,,,
58,61,BalancedPonzi2,0x55d035ba1f4ae932cf98125b93d830d9858cd39f,chain-shaped,6,6,27.001,27.001,$291,$291.34,3,3,,,,,,,,,,,,,,,,
59,62,EthVentures3,0x43e49c79172a1be3ebb4240da727c0da0fa5d233,chain-shaped,226,5,34,34,$343,$331.28,3,1,,,,,,,,,,,,,,,,
60,63,CrystalDoubler,0x51170b18bca7896b49c52dcc18e66e5c921e100f,chain-shaped,5,5,7.595,6,$64,$50.88,4,1,,,,,,,,,,,,,,,,
61,64,DepositHolder2,0x687a241422c92e3d15ce6a02c832f800b74c8b3c,chain-shaped,228,2,51,51,$581,$580.89,1,1,,,,,,,,,,,,,,,,
62,65,BigRisk2,0x2a53f42ad8bba138c21b50a4e5711f18381a61e9,chain-shaped,7,2,600,600,"$5,892","$6,288.00",3,2,,,,,,,,,,,,,,,,
63,66,SmartRevshare1,0x49c3019b7a83b3c77a823255533975969027308d,chain-shaped,209,1,0.015,0.015,$0,$0.13,2,1,,,,,,,,,,,,,,,,
64,67,StackyGame,0x8f13a1d43408b6434dd10e161361386f3952d665,chain-shaped,10,2,0.04,0.0305,$1,$0.57,1,2,,,,,,,,,,,,,,,,
65,68,CrazyEarning,0xa259e6bcade86c770cb5214c789ee107662831a6,chain-shaped,4,4,1.318818265,1.255479142,$14,$13.04,2,1,,,,,,,,,,,,,,,,
66,69,FirePonzi,0x062524205ca7ecf27f4a851edec93c7ad72f427b,chain-shaped,6,2,0.25,0.165,$2,$1.51,2,1,,,,,,,,,,,,,,,,
67,70,FivePercent,0x49f053b866c33185fa1151e71fc80d5fe6b08a92,chain-shaped,5,3,2.222263116,2.207376272,$25,$23.43,2,2,,,,,,,,,,,,,,,,
68,71,NotAnotherPonzi,0x5a437d94843541d5cb83221a4a4b253de30b97b7,chain-shaped,5,2,0.2,0.135,$2,$1.50,2,2,,,,,,,,,,,,,,,,
69,72,EthFactory,0xc357a046c5c13bb4e6d918a208b8b4a0ab2f2efd,chain-shaped,5,2,1.5900001,1.59,$12,$11.68,3,1,,,,,,,,,,,,,,,,
70,74,Test,0xcaaca224e35d0a1fa3304a3c4ec8beb5f28a99aa,chain-shaped,6,3,7,7,$64,$64.12,3,2,,,,,,,,,,,,,,,,
71,76,Dividend,0x0389a06b028526b05966c287370bebefa0082176,chain-shaped,204,1,0.021,0.021,$0,$0.16,2,1,,,,,,,,,,,,,,,,
72,79,EthVentures1,0x1ff3f56609d0771abb49566600febade0e708beb,chain-shaped,223,2,2,2,$20,$20.16,1,1,,,,,,,,,,,,,,,,
73,80,EthVentures2,0x99d982e49bcb5465a6b4c1e0ec4341c912d9ba42,chain-shaped,250,2,5.01,5.01,$51,$50.50,1,1,,,,,,,,,,,,,,,,
74,81,EthVenturesFinal2,0x41f2d5040726c5328f8366f17041ec012ac8f338,chain-shaped,7,2,2.01,2.01,$20,$19.58,1,1,,,,,,,,,,,,,,,,
75,82,TwoAndAHalfPonzi,0x89c2352cb600df56fe4bfb5882caadef3e96213f,chain-shaped,4,1,3.003,2.5,$31,$25.98,3,1,,,,,,,,,,,,,,,,
76,83,EthVentures4,0x007d42b9192b8c087b0d3e6ef73aae48e74b41c1,chain-shaped,29,0,34,0,$331,$0.00,2,0,,,,,,,,,,,,,,,,
77,84,Tomeka,0x24ec083b6a022099003e3d035fed48b9a58296e5,chain-shaped,53,0,1.536,0,$21,$0.00,4,0,,,,,,,,,,,,,,,,
78,85,Fairandeasy2,0xf70ce1be9685b0cfb531bc712d3faace858b5bfb,chain-shaped,4,0,0.26,0,$3,$0.00,2,0,,,,,,,,,,,,,,,,
79,86,FastRealisticPyramid2,0x19a6067538c90973ef5dc31ded5fa567f3d09059,chain-shaped,3,1,0.2,0.2,$2,$2.35,1,1,,,,,,,,,,,,,,,,
80,87,ProtectTheCastle1,0x8d734806913e445ee1be523aa0e84e4664fff481,chain-shaped,2,1,0,0,$0,$0.00,0,0,,,,,,,,,,,,,,,,
81,88,Timegame2,0x4398a4a10347d8f18029c07853a7a689eebbb925,chain-shaped,2,1,25.1,25.1,$219,$218.87,1,1,,,,,,,,,,,,,,,,
82,89,Timegame3,0x7fcc7ed28c99f64f721be410ad816247925aade8,chain-shaped,2,1,25.1,25.1,$221,$220.88,1,1,,,,,,,,,,,,,,,,
83,90,EtherAds,0x1bb6123913d0b48948de38c3b75fd3eb3b4fe7e3,chain-shaped,3,0,0,0,$0,$0.00,0,0,,,,,,,,,,,,,,,,
84,91,Doubler1,0x7d3ae940eb73dc9131758ad2e326c7d863b0916a,chain-shaped,2,0,0.01,0,$0,$0.00,1,0,,,,,,,,,,,,,,,,
85,93,MultiplyX10,0xe7f06e64e0d04c6cfedf7e9079d56d0fb7200a2e,chain-shaped,3,0,3.00001,0,$25,$0.00,2,0,,,,,,,,,,,,,,,,
86,94,squareRootPonzi,0x8ea6c8077d6316b46e449aec8fb60a606cf50eea,chain-shaped,2,0,0.005,0,$0,$0.00,1,0,,,,,,,,,,,,,,,,
87,98,BigRisk1,0xa26b0a2fc7702ac3cdd4d578df7ef87ecf17908e,chain-shaped,1,0,0,0,$0,$0.00,0,0,,,,,,,,,,,,,,,,
88,100,Copypaste,0xba3048b17d1e8c1412ea29af9af795786065b5f9,chain-shaped,1,0,0,0,$0,$0.00,0,0,,,,,,,,,,,,,,,,
89,101,DFS,0x723dff0e27cc38b80556f5e05dfdbdcb721654d7,chain-shaped,68,236,41,40.92,$408,$363.62,6,15,,,,,,,,,,,,,,,,
90,102,EthBank,0x60acd43314d93f38507f3fd12e84225a5a099229,chain-shaped,225,0,0,0,$0,$0.00,0,0,,,,,,,,,,,,,,,,
91,103,Kardashian,0xf93ca51746ce6e1cc2485c534eebe71ae987a7ad,chain-shaped,252,0,0,0,$0,$0.00,0,0,,,,,,,,,,,,,,,,
92,104,LittleEthereumDoubler,0x83651a62b632c261442f396ad7202fe2a4995e3a,chain-shaped,1,0,0,0,$0,$0.00,0,0,,,,,,,,,,,,,,,,
93,105,NiceGuyPonzi1,0xe1388626c8de5fd7e5683a83d8da6a34153e9b18,chain-shaped,1,0,0,0,$0,$0.00,0,0,,,,,,,,,,,,,,,,
94,106,NiceGuyTax1,0x56467e038871dc7f2a6180cdebe1702cef77285f,chain-shaped,1,0,0,0,$0,$0.00,0,0,,,,,,,,,,,,,,,,
95,107,NiceGuyTax2,0xfba6ae30dfe97b20ad9ecccd5057ab3e5a1c41fa,chain-shaped,1,0,0,0,$0,$0.00,0,0,,,,,,,,,,,,,,,,
96,108,NiceGuyTax3,0x9d3899df1d9f030a32dd5571fe3c7ef72d6ae566,chain-shaped,1,0,0,0,$0,$0.00,0,0,,,,,,,,,,,,,,,,
97,109,PiggyBank1,0xbe181da06d93867af0a3ffadcebe345ec35dae4e,chain-shaped,223,0,0,0,$0,$0.00,0,0,,,,,,,,,,,,,,,,
98,110,PlusOnePonzi2,0xa850e6f693b9bcb31df3ee44e7888ef19e608107,chain-shaped,1,0,0,0,$0,$0.00,0,0,,,,,,,,,,,,,,,,
99,111,ResetPonzi4,0x275498d1fb7ffb5b521f89b23c84224af9f96ea6,chain-shaped,1,0,0,0,$0,$0.00,0,0,,,,,,,,,,,,,,,,
100,112,ResetPonzi5,0xebfed9e4ae035b0f7ae982d1a7abfe0aa26a0341,chain-shaped,1,0,0,0,$0,$0.00,0,0,,,,,,,,,,,,,,,,
101,113,ResetPonzi6,0x772cba2f87f92e95bb8ffa96187bbedebbb484d3,chain-shaped,1,0,0,0,$0,$0.00,0,0,,,,,,,,,,,,,,,,
102,114,ResetPonzi7,0x0444f06a52320af2df7e60d1923080002838ce93,chain-shaped,1,0,0,0,$0,$0.00,0,0,,,,,,,,,,,,,,,,
103,115,ResetPonzi9,0x3ab274f835d1939d20d0bbb72a1fb513d7a7a675,chain-shaped,1,0,0,0,$0,$0.00,0,0,,,,,,,,,,,,,,,,
104,116,Thewhalegame2,0x1492cdd605d91658f228eab14d8444b60e6da8df,chain-shaped,1,0,0,0,$0,$0.00,0,0,,,,,,,,,,,,,,,,
105,117,WealthShare,0xe4c1c33ed635263c61bf61db751b8a74ee3af0e4,chain-shaped,202,0,0,0,$0,$0.00,0,0,,,,,,,,,,,,,,,,
106,118,x15,0x9da7902394fb19ddd340d47398d35e3405bf79ec,chain-shaped,1,0,0,0,$0,$0.00,0,0,,,,,,,,,,,,,,,,
107,121,NanoPyramid1,0x9f1d916a456b96146e9f0dbbd0e107a1f389a061,chain-shaped,1,0,0,0,$0,$0.00,0,0,,,,,,,,,,,,,,,,
108,122,ShinySquirrels2,0x870fe80e76dae4a4c12690dec52456ab13176202,chain-shaped,197,0,0,0,$0,$0.00,0,0,,,,,,,,,,,,,,,,
109,125,LuckyDoubler,0xf767fca8e65d03fe16d4e38810f5e5376c3372a8,chain-shaped,17,28,16,15.8,$170,$179.27,6,4,,,,,,,,,,,,,,,,
110,133,ProtectTheCastle3,0xa9fa83d31ff1cfd14b7f9d17f02e48dcfd9cb0cb,chain-shaped,17,32,16.62,16.6059,$277,$552.90,6,5,,,,,,,,,,,,,,,,
111,135,EthMultiplier,0xea06c9cb0d69058468387f283e9a3f61c53e3c21,chain-shaped,3,3,0.1389,0.13889,$6,$6.96,2,2,,,,,,,,,,,,,,,,
112,140,X15,0x827ce5d8943d69c8538cd5662daf72be52176ed6,chain-shaped,2,0,0.05,0,$0.22,$0.00,1,0,,,,,,,,,,,,,,,,
113,141,Ai,0x5158cf97c3e001b402ccb0f9063736ee8d6dad5a,chain-shaped,6,3,1.69,1.252666667,$16.95,$12.56,2,2,,,,,,,,,,,,,,,,
114,143,Tripler,0xa7481af3bbc9d902c02f58204c5683052de53330,chain-shaped,6,1,2.75,1,$22.78,$6.23,3,1,,,,,,,,,,,,,,,,
115,145,Multi133v3,0xab7689c7be6d9b5428d6bf4c536dc699fc919260,chain-shaped,8,5,31.33,28.23,$189.25,$177.16,4,4,,,,,,,,,,,,,,,,
116,146,DoubleTx,0xc1824278b767d9efb304c63128b1a92babc3fa4b,chain-shaped,696,4,38.1,10.1,$169.55,$75.64,4,2,,,,,,,,,,,,,,,,
117,147,DoubleTx,0xa90be2201bfed97587a2a17949e8624eafe51d13,chain-shaped,59,26,745.23125,664.1726925,"$3,318.19","$2,952.59",22,13,,,,,,,,,,,,,,,,
118,150,Unnamed 1,0x496a84aeaa78f6fc8ed458904d7f2d52b222e823,chain-shaped,9,13,18.8,18.655,$189.50,$188.04,6,4,,,,,,,,,,,,,,,,
119,151,Unnamed 2,0xc305b6401643b63dd9d74040bb16bb5c8bbbaa88,chain-shaped,42,10,23.2,19.08,$103.24,$84.84,3,3,,,,,,,,,,,,,,,,
120,153,Unnamed 4,0xadd6f226b34957a8f59a5be195560b96323c74c7,chain-shaped,223,0,0.52,0.00,$6.10,$0.00,3,0,,,,,,,,,,,,,,,,
121,154,Unnamed 5,0xd2dc2625079d2eb5d31a03ce2372304a23fb7b42,chain-shaped,552,0,0.10,0.00,$1.05,$0.00,1,0,,,,,,,,,,,,,,,,
122,155,Unnamed 6,0x787e3cef5edd94089ab3988775fcb24a1582b38f,chain-shaped,215,0,0.10,0.00,$1.05,$0.00,1,0,,,,,,,,,,,,,,,,
123,156,Unnamed 7,0xc2b9e4826a426a071254ccc40261299740c02b2c,chain-shaped,216,0,0.30,0.00,$3.83,$0.00,1,0,,,,,,,,,,,,,,,,
124,157,Unnamed 8,0x0d5919572552c6c8c752aa402bd033f2b2886bbc,chain-shaped,198,0,0.50,0.00,$5.25,$0.00,1,0,,,,,,,,,,,,,,,,
125,158,Unnamed 9,0x303e50180fe5794ba066e227f376b22341aad497,chain-shaped,4,1,0.05,0.02,$0.50,$0.22,1,1,,,,,,,,,,,,,,,,
126,159,Unnamed 10,0x5eabae401202b9ed9e5dfbbe2d67860361eb0a9d,chain-shaped,10,4,6.10,5.26,$36.17,$31.65,4,3,,,,,,,,,,,,,,,,
127,160,Unnamed 11,0x9e2a68ed6b854e2e55433b5ec8f471c7b274df51,chain-shaped,7,3,3.80,1.99,$24.13,$15.27,4,2,,,,,,,,,,,,,,,,
128,161,Unnamed 12,0x14d7a3f1767b94b366ba29b4f774588459359f27,chain-shaped,4,0,0.10,0.00,$0.59,$0.00,1,0,,,,,,,,,,,,,,,,
129,162,Unnamed 13,0xc11705a782e1a4c4db0a5b9ee22ce7554dd5e8e1,chain-shaped,5,0,0.10,0.00,$0.59,$0.00,1,0,,,,,,,,,,,,,,,,
130,163,Unnamed 14,0xe6329d65ebcc5cbccdd719d7b18ac9e220dca145,chain-shaped,11,1,0.95,0.38,$5.63,$2.89,3,1,,,,,,,,,,,,,,,,
131,164,Unnamed 15,0xa0285193e366a634fd9639d650b2115d77681a37,chain-shaped,8,1,24.01,11.26,$216.58,$118.00,6,1,,,,,,,,,,,,,,,,
132,165,Unnamed 16,0x0ec3cd77dbc5b512b5f9e45578813e1dbbcda719,chain-shaped,4,2,0.04,0.02,$0.25,$0.14,1,2,,,,,,,,,,,,,,,,
133,166,Unnamed 17,0x0b230b071008bbb145b5bff27db01c9248f486b9,chain-shaped,340,1,0.04,0.01,$0.25,$0.06,1,1,,,,,,,,,,,,,,,,
134,167,Unnamed 18,0xd0e614953de3dd3d4816b195d261769efd880a50,chain-shaped,3,1,0.04,0.02,$0.25,$0.12,1,1,,,,,,,,,,,,,,,,
135,168,Unnamed 19,0x827ce5d8943d69c8538cd5662daf72be52176ed6,chain-shaped,2,0,0.05,0.00,$0.22,$0.00,1,0,,,,,,,,,,,,,,,,
136,169,Unnamed 20,0x6b62497fc36e1f47c4c2d9f29fdf28cc3ebed72d,chain-shaped,385,0,0.11,0.00,$1.46,$0.00,3,0,,,,,,,,,,,,,,,,
137,170,Unnamed 21,0x79c039d075bc3b86a7df63ebbe55fbc642b5220f,chain-shaped,391,4,4.96,4.69,$51.53,$48.72,3,3,,,,,,,,,,,,,,,,
138,171,Unnamed 22,0x5c3578f62ccd0b126214daa589ca11c7dc681acf,chain-shaped,53,3,10.50,9.00,$98.89,$79.47,2,2,,,,,,,,,,,,,,,,
139,172,Unnamed 23,0xed41e841ed150f8fb1febc8c443a113c1cd95a1d,chain-shaped,2,0,0.10,0.00,$1.08,$0.00,1,0,,,,,,,,,,,,,,,,
140,173,Unnamed 24,0x15d03b33f8abd63059655b98c586f975ffc63401,chain-shaped,1,0,0.50,0.00,$2.23,$0.00,1,0,,,,,,,,,,,,,,,,
141,174,Unnamed 25,0x8153510d6b4205ae9fa956b1a3012922ded49350,chain-shaped,5,2,0.10,0.08,$0.56,$0.44,2,1,,,,,,,,,,,,,,,,
142,175,Unnamed 26,0xd57ad441160865b7393be8c8244a69957dc4d53e,chain-shaped,6,1,0.22,0.09,$2.33,$0.96,1,1,,,,,,,,,,,,,,,,
143,176,Unnamed 27,0xac2bb751cd9528ffbcfdbbd976b906baed792a56,chain-shaped,31,20,48.02,47.98,$540.72,$474.39,9,7,,,,,,,,,,,,,,,,
144,177,Unnamed 28,0xdf05fb3eab68898ec07cadba5849c30fafe9b113,chain-shaped,14,9,1.06,0.76,$12.33,$8.87,1,1,,,,,,,,,,,,,,,,
145,178,Unnamed 29,0x21905ebd9e1f9587c7b3685d424679f16cccbb58,chain-shaped,371,8,22.30,17.87,$259.34,$198.77,3,3,,,,,,,,,,,,,,,,
146,179,Unnamed 30,0x79280ded572a0a7dfd31dfcc5baef3121ef0fee6,chain-shaped,12,7,0.12,0.11,$1.19,$1.09,1,1,,,,,,,,,,,,,,,,
147,180,Unnamed 31,0x40b88bbd78cb0441259de7a7d608a39b7388369a,chain-shaped,14,12,9.50,9.37,$94.33,$103.21,3,3,,,,,,,,,,,,,,,,
148,181,Unnamed 32,0x26bad8baf94001cd778731f8fd84b6cb01859748,chain-shaped,226,1,0.04,0.04,$0.21,$11.03,1,1,,,,,,,,,,,,,,,,
149,182,Unnamed 33,0xc07ec6b6e3783b6855d000e104e44b3f86bbfc22,chain-shaped,12,1,0.36,0.34,$3.73,$2.56,3,1,,,,,,,,,,,,,,,,
150,183,Unnamed 34,0x3ae8b3ae07cb09f4ca2b6250eec03d016017755e,chain-shaped,1,0,2.00,0.00,$7.72,$0.00,1,0,,,,,,,,,,,,,,,,
151,184,Unnamed 35,0x6492904953ed9015d6b37f8063b65c8de105d837,chain-shaped,6,6,0.41,0.39,$3.61,$3.41,2,2,,,,,,,,,,,,,,,,
152,148,Multi33v,0x85c84c949b1c29c85b777f2873a19450dbb1a057,chain-shaped,64,46,60.1,58.88,$336.56,$329.73,14,10,,,,,,,,,,,,,,,,
153,,,,,15926,6125,41514.71206,41070.06321,"$587,086","$599,347.25",1967,968,,,,,,,,,,,,,,,,
154,123,KingOfTheEtherThrone,0x2464d1d97f8d0180cfad67bdb19bc30cca69dda0,handover,28,23,58.682,58.682,$768,"$1,135.28",21,18,,,,,,,,,,,,,,,,
155,142,Bunny,0xfe9c69945687539fabbf531133838d9cce522a76,handover,110,66,81.6603033,79.0832002,$811.16,$803.39,58,29,,,,,,,,,,,,,,,,
156,152,Unnamed 3,0xf52ecc525d998eb880911a268b0fa4bc7d69a435,handover,6,4,0.48,0.43,$6.08,$5.42,2,3,,,,,,,,,,,,,,,,
157,132,KingOfTheEtherThrone1,0xb336a86e2feb1e87a328fcb7dd4d04de3df254d0,handover,271,19,345.8009135,345.8009135,"$1,033","$1,180.22",16,13,,,,,,,,,,,,,,,,
158,,,,,415,112,486.6242168,483.9949287,"$2,618","$3,124.31",97,63,,,,,,,,,,,,,,,,
159,73,Tanya1,0xf1c1648f6f0edbcf7d898441b88e489cfaace11d,none,5,2,0.054,0.0204,$1,$0.23,2,1,,,,,,,,,,,,,,,,
160,75,DepositHolder1,0xcd6608b1291d4307652592c29bff7d51f1ad83d7,none,518,3,194.17495,114.8,"$21,797","$78,846.99",1,1,,,,,,,,,,,,,,,,
161,77,Tanya2,0x143e8bd26d95b230680c25300f93ef56f86eccac,none,4,2,0.04,0.0175,$0,$0.20,1,1,,,,,,,,,,,,,,,,
162,78,DividendProfit1,0xa0f9fb2170dc2d181ef8aaf3571dc441813e0154,none,4,1,0.07,0.07,$1,$0.53,1,1,,,,,,,,,,,,,,,,
163,92,EthVenturePlugin,0xf1aa63ad7a897ca02cab6021513ee0a86820153e,none,2,0,0.001,0,$0,$0.00,1,0,,,,,,,,,,,,,,,,
164,95,BankWithInterest,0x99925cc9a57f5e473ff22314cfe0627a0bfcceb4,none,4,1,150,150,"$1,383","$1,383.00",1,1,,,,,,,,,,,,,,,,
165,96,BestBankwithInterest,0xc99b3615724b7c4d3e4b348cfc8a25b9e2133828,none,3,1,150,150,"$1,383","$1,408.50",1,1,,,,,,,,,,,,,,,,
166,97,BetterBankWithInterest,0x245233bc8604d2097bfcbf3338959c46da04d9e0,none,3,1,150,150,"$1,383","$1,383.00",1,1,,,,,,,,,,,,,,,,
167,99,Coinflip,0x26c4e381ffbdc825be9b986c3ba40525f0771e8d,none,1,0,0,0,$0,$0.00,0,0,,,,,,,,,,,,,,,,
168,119,AFreeEtherADay,0x9d31ff892f984a83e8b342a5ece8e8911ed909e0,none,4,2,112,112,"$1,047",$998.35,2,2,,,,,,,,,,,,,,,,
169,120,FreeEtherADayFundsReturn,0x6adf9e666e3e85876b1ba25edb31799faad8417b,none,3,1,210,210,"$1,789","$1,772.40",2,1,,,,,,,,,,,,,,,,
170,124,Matthew,0x75aa81161e07483f6ca199fef46c13eb13d190be,none,63,58,31.88356618,31.88344618,$264,$367.33,9,10,,,,,,,,,,,,,,,,
171,126,SwarmRedistribution1,0xda922e473796bc372d4a2cb95395ed17af8b309b,none,6,2,2.1,2,$23,$20.01,3,1,,,,,,,,,,,,,,,,
172,127,SwarmRedistribution2,0x6846b938f9be9f1eeeb9bfd853636c805f8f54d3,none,4,1,2,2,$16,$16.66,1,1,,,,,,,,,,,,,,,,
173,128,SwarmRedistribution3,0xf77ac34cd0ed42f2b5d8cfcf4fa0f4bb1b80b9d8,none,2,0,0,0,$0,$0.00,0,0,,,,,,,,,,,,,,,,
174,129,SwarmRedistribution4,0x8e66ffe69b3f8d78f2a696e40c02f7454c0a01d9,none,1,0,0,0,$0,$0.00,0,0,,,,,,,,,,,,,,,,
175,130,SwarmRedistribution5,0xf184279e6d4654890b4410cf300ed55600f018be,none,1,0,0,0,$0,$0.00,0,0,,,,,,,,,,,,,,,,
176,131,SwarmRedistribution6,0x0f170120733474c6ec7daf6ae6aeeeb8b645e92c,none,1,0,0,0,$0,$0.00,0,0,,,,,,,,,,,,,,,,
177,138,ETHPonzi,0xc58492b3b14f658adff566c988029308505f81b5,none,11,9,5.12,5.11,"$1,375.21","$1,373.75",10,9,,,,,,,,,,,,,,,,
178,144,Highlander,0xd361e374be9e3907fceac60c6ea5cbdce89fc9ae,none,10,3,10,5,$108.30,$51.15,2,1,,,,,,,,,,,,,,,,
179,149,Fibonzi,0xe8b55deaced913c5c6890331d2926ea0fcbe59ac,none,34,23,0.35,0.30,$122.41,$106.27,4,4,,,,,,,,,,,,,,,,
180,,,,,684,110,1017.788516,933.2053462,"$30,693","$87,728.37",42,36,,,,,,,,,,,,,,,,
181,9,Etheramid1,0x9758da9b4d001ed2d0df46d25069edf53750767a,tree-shaped,111,382,110,110,$909,$908.85,103,41,,,,,,,,,,,,,,,,
182,16,Etheramid2,0xfeeb8a968f0d7fd58e29fbfc525051f50ee2fedc,tree-shaped,106,7,2,2,$84,$83.74,2,6,,,,,,,,,,,,,,,,
183,136,MyScheme,0x109c4f2ccc82c4d77bde15f306707320294aea3f,tree-shaped,94,407,293.1,284.1,$385,$375.01,53,33,,,,,,,,,,,,,,,,
184,139,DynamicPyramid,0x79c039d075bc3b86a7df63ebbe55fbc642b5220f,tree-shaped,391,4,4.96,4.689,$51.53,$48.72,3,3,,,,,,,,,,,,,,,,
185,,,,,702,800,410.06,400.789,"$1,429","$1,416.32",161,83,,,,,,,,,,,,,,,,
186,4,TreasureChest,0x4865e85c72a27ca6c362da75ba6707c07464b953,waterfall,73,1197,87.55649206,87.38955156,$946,$940.82,16,10,,,,,,,,,,,,,,,,
187,12,PiggyBank2,0xdcb13fa157eebf22ddc8c9aa1d6e394810de6fa3,waterfall,356,197,315.9363935,313.3908851,"$3,487","$3,442.81",40,37,,,,,,,,,,,,,,,,
188,134,HYIP,0x4fb663c1616bfe80b5b6d5a214efa81d5a121801,waterfall,75,535,27.12761351,25.67315247,"$1,608","$2,050.99",27,20,,,,,,,,,,,,,,,,
189,137,PonzICO,0x1ce7986760ade2bf0f322f5ef39ce0de3bd0c82b,waterfall,64,24,21.58,18.31,"$2,794","$4,827.33",28,15,,,,,,,,,,,,,,,,
190,,,,,568,1953,452.197499,444.7601929,"$8,836","$11,261.95",111,82,,,,,,,,,,,,,,,,
192,,,,,18298,9101,43881.38229,43332.81268,"$630,662","$702,878.20",2378,1232,,,,,,,,,,,,,,,,
